TV,Billboards,Google_Ads,Social_Media,Influencer_Marketing,Affiliate_Marketing,Product_Sold,Total_Ad_Spend,Cost_per_Sale,ROI,TV_Efficiency,Billboards_Efficiency,Google_Ads_Efficiency,Social_Media_Efficiency,Influencer_Marketing_Efficiency,Affiliate_Marketing_Efficiency
281.42,538.8,123.94,349.3,242.77,910.1,7164.0,2446.33,0.3414754327191513,1.9284683587251108,0.03928252372975991,0.07520938023450585,0.01730039084310441,0.04875767727526522,0.033887493020658854,0.12703796761585706
702.97,296.53,558.13,180.55,781.06,132.43,5055.0,2651.6699999999996,0.5245637982195845,0.9063458122617071,0.1390642927794263,0.05866073194856577,0.11041147378832838,0.03571711177052424,0.1545123639960435,0.02619782393669634
313.14,295.94,642.96,505.71,438.91,464.23,6154.0,2660.89,0.43238381540461485,1.312760016385495,0.050883977900552484,0.048089047773805654,0.10447838804029899,0.08217582060448489,0.07132109197270069,0.07543548911277219
898.52,61.27,548.73,240.93,278.96,432.27,5480.0,2460.6800000000003,0.44902919708029204,1.227026675553099,0.16396350364963502,0.01118065693430657,0.10013321167883212,0.043965328467153286,0.05090510948905109,0.07888138686131387
766.52,550.72,651.91,666.33,396.33,841.93,9669.0,3873.74,0.4006350191333126,1.496037421200184,0.07927603681869894,0.05695728617230324,0.0674226910745682,0.0689140552280484,0.04098976109215017,0.08707518874754369
507.13,612.27,230.67,142.96,171.79,965.77,7627.0,2630.59,0.3449049429657795,1.8993495755704992,0.06649141208863249,0.08027664874786941,0.030243870460207156,0.018743936016782484,0.022523928149993443,0.12662514750229448
486.64,555.02,203.26,271.62,70.04,366.25,5177.0,1952.83,0.37721267143133086,1.6510244107269962,0.09400038632412594,0.10720880819007146,0.039262120919451415,0.05246667954413753,0.013529070890477111,0.07074560556306742
762.09,184.57,176.61,97.85,116.67,251.74,3726.0,1589.53,0.42660493827160495,1.3440891332658083,0.2045330112721417,0.04953569511540526,0.047399355877616754,0.0262614063338701,0.03131239935587762,0.06756307031669351
638.6,778.31,796.32,759.04,857.13,515.16,9801.0,4344.56,0.44327721661055,1.2559246505975286,0.06515661667176818,0.07941128456279971,0.08124885215794307,0.07744515865727987,0.08745332108968473,0.052561983471074374
591.48,542.51,400.23,329.15,577.38,931.65,8652.0,3372.4,0.38978270920018493,1.5655319653659117,0.0683633841886269,0.06270342117429496,0.04625866851595007,0.038043226999537674,0.06673370319001387,0.10768030513176144
667.17,577.85,898.19,970.28,789.52,852.99,11210.0,4756.0,0.42426404995539696,1.357022708158116,0.05951561106155218,0.051547725245316686,0.08012399643175737,0.08655486173059768,0.07042997323818019,0.07609188224799286
787.33,947.73,884.15,992.3,871.55,742.36,12227.0,5225.42,0.4273673018729042,1.3399076055130497,0.06439273738447698,0.07751124560399117,0.0723112783184755,0.0811564570213462,0.07128077206183037,0.060714811482784
537.75,865.19,768.61,626.87,702.96,211.92,8093.0,3713.3,0.458828617323613,1.179463011337624,0.06644631162733226,0.10690596812059805,0.09497219819597183,0.07745829729395774,0.08686024959841838,0.026185592487334732
735.78,661.81,282.0,102.96,588.45,585.74,7181.0,2956.74,0.4117448823283665,1.4286883527127852,0.10246205263890823,0.09216125887759365,0.039270296616070184,0.014337835955994986,0.08194541150257625,0.08156802673722323
631.14,207.04,939.62,358.88,515.59,778.49,7910.0,3430.76,0.433724399494311,1.3056115846051601,0.07979013906447535,0.026174462705436156,0.11878887484197219,0.04537041719342604,0.06518204804045512,0.09841845764854615
334.12,515.21,565.22,153.75,685.88,271.07,5337.0,2525.2500000000005,0.4731590781337831,1.1134541134541132,0.06260445943413903,0.09653550683904816,0.1059059396664793,0.02880831928049466,0.12851414652426457,0.050790706389357315
194.33,558.81,571.82,531.53,485.4,155.53,5468.0,2497.42,0.4567337234820776,1.1894595222269382,0.035539502560351134,0.10219641550841257,0.10457571324067301,0.09720738844184344,0.0887710314557425,0.028443672275054864
955.97,890.21,343.96,609.33,62.99,307.14,7937.0,3169.5999999999995,0.3993448406198815,1.504101463907118,0.12044475242534963,0.11215950611062114,0.043336273151064635,0.07677082020914704,0.007936247952626938,0.03869724077107219
974.14,188.8,606.22,74.83,820.43,408.68,6228.0,3073.1,0.4934328837508028,1.0266180729556476,0.1564129736673089,0.03031470777135517,0.09733782915863841,0.01201509312780989,0.13173249839434809,0.06561978163134233
93.47,889.82,702.23,31.38,178.92,710.91,7026.0,2606.73,0.3710119555935098,1.6953309318571546,0.013303444349558782,0.12664674067748363,0.09994733845715913,0.0044662681468830056,0.02546541417591802,0.10118274978650725
853.65,958.04,810.77,347.92,120.96,38.61,6966.0,3129.9500000000003,0.4493181165661786,1.2255946580616301,0.12254521963824289,0.13753086419753086,0.11638960666092449,0.04994544932529429,0.017364341085271316,0.005542635658914729
79.78,798.01,881.29,252.3,680.24,399.95,6929.0,3091.5699999999997,0.4461783807187184,1.2412560608364038,0.011513926973589262,0.11516957713955837,0.12718862750757684,0.03641218068985424,0.09817289652186463,0.057721171886275076
596.8,121.5,364.02,145.03,106.09,559.05,4830.0,1892.4899999999998,0.3918198757763975,1.5521931423679918,0.12356107660455486,0.02515527950310559,0.07536645962732919,0.030026915113871636,0.0219648033126294,0.11574534161490682
297.32,168.27,38.43,968.13,238.44,636.42,6425.0,2347.01,0.36529338521400784,1.7375256177008191,0.04627548638132296,0.02618988326848249,0.005981322957198444,0.1506817120622568,0.03711128404669261,0.09905369649805447
189.51,659.44,775.37,895.59,760.58,581.76,9001.0,3862.25,0.4290912120875458,1.3305068289209658,0.021054327296967004,0.07326297078102434,0.08614265081657593,0.09949894456171537,0.08449950005554939,0.0646328185757138
732.71,585.45,540.89,695.95,227.02,633.09,8564.0,3415.11,0.39877510509107894,1.5076791084328174,0.0855569827183559,0.06836174684726763,0.06315857076132649,0.08126459598318543,0.026508640822045775,0.07392456795889772
214.34,283.19,654.88,855.9,0.77,145.27,5008.0,2154.35,0.4301817092651757,1.324599067003969,0.042799520766773166,0.05654752396166134,0.1307667731629393,0.17090654952076678,0.00015375399361022366,0.02900758785942492
98.83,575.33,19.94,800.94,673.3,385.92,6306.0,2554.26,0.4050523311132255,1.468816800169129,0.015672375515382177,0.09123533143038377,0.0031620678718680623,0.12701236917221695,0.10677132889311766,0.0611988582302569
179.73,692.17,973.09,580.06,271.49,129.04,6198.0,2825.58,0.45588576960309773,1.193531947423184,0.028998063891577927,0.11167634720877702,0.15700064536947403,0.09358825427557275,0.04380283962568571,0.020819619232010325
830.84,240.22,303.98,793.12,739.97,430.35,7423.0,3338.48,0.44974808029098745,1.2234669670029474,0.11192779199784454,0.03236157887646504,0.04095109793883875,0.10684628856257578,0.09968611073689883,0.057975212178364544
439.57,566.54,184.38,526.25,120.21,269.41,5399.0,2106.3599999999997,0.39013891461381733,1.5631895782297427,0.08141692906093721,0.1049342470827931,0.03415076866086312,0.0974717540285238,0.022265234302648637,0.0498999814780515
911.58,319.0,290.08,316.48,452.77,274.45,5654.0,2564.3599999999997,0.4535479306685532,1.2048386342011266,0.16122744959320837,0.05642023346303502,0.0513052706048815,0.05597453130527061,0.08007958967102935,0.048540856031128406
862.97,656.05,337.34,834.98,827.64,308.37,8512.0,3827.35,0.4496416823308271,1.2239931022770323,0.1013827537593985,0.0770735432330827,0.039631109022556385,0.09809445488721805,0.09723214285714285,0.03622767857142857
707.06,642.66,274.79,213.33,984.21,481.27,7383.0,3303.3199999999997,0.44742245699580113,1.2350241575142586,0.09576865772721116,0.08704591629418935,0.03721928755248544,0.028894758228362457,0.13330759853718002,0.06518623865637274
721.5,561.22,528.76,887.1,3.28,450.98,7949.0,3152.84,0.3966335388099132,1.521218964489159,0.09076613410491886,0.07060259152094603,0.06651905900113221,0.11159894326330357,0.00041263051956220905,0.05673418040005032
909.22,28.38,600.33,758.0,872.4,306.31,6987.0,3474.6400000000003,0.4973007013024188,1.010855800888725,0.130130241877773,0.004061829111206526,0.08592099613568055,0.1084871904966366,0.12486045513095749,0.04383998855016459
165.26,517.76,172.03,170.31,169.94,206.04,3600.0,1401.34,0.3892611111111111,1.5689697004295888,0.045905555555555554,0.1438222222222222,0.04778611111111111,0.047308333333333334,0.047205555555555556,0.05723333333333333
552.49,6.01,69.07,304.15,52.77,667.78,4720.0,1652.27,0.3500572033898305,1.8566759670029718,0.11705296610169491,0.0012733050847457627,0.014633474576271186,0.06443855932203389,0.011180084745762712,0.14147881355932204
922.68,467.72,871.4,664.95,827.6,385.17,8744.0,4139.5199999999995,0.4734126258005489,1.1123222016079162,0.10552150045745654,0.053490393412625806,0.09965690759377858,0.0760464318389753,0.09464775846294603,0.0440496340347667
584.53,299.73,831.96,573.63,898.26,452.69,7636.0,3640.7999999999997,0.4767941330539549,1.0973412436827072,0.07654924044002095,0.03925222629649031,0.10895233106338398,0.07512179151388161,0.11763488737558932,0.05928365636458879
126.3,89.18,351.92,35.43,547.99,923.44,5487.0,2074.26,0.37803171131765995,1.6452807266205776,0.023018042646254785,0.016252961545471116,0.06413705121195554,0.006457080371787862,0.09987060324403135,0.1682959722981593
766.86,164.18,72.95,471.67,959.81,720.36,7316.0,3155.8300000000004,0.43136003280481144,1.3182490818580215,0.10481957353745217,0.0224412247129579,0.009971295790049208,0.0644710224166211,0.13119327501366868,0.09846364133406234
532.28,795.59,192.91,298.49,836.0,825.6,8792.0,3480.87,0.395913330300273,1.5258053302766263,0.06054140127388535,0.09049021838034577,0.021941537761601456,0.03395018198362147,0.09508644222020018,0.09390354868061875
573.64,196.64,802.07,109.31,351.06,902.89,7236.0,2935.6099999999997,0.40569513543394137,1.4649050793531841,0.07927584300718629,0.027175234936428965,0.11084438916528469,0.015106412382531785,0.04851575456053068,0.12477750138197899
327.24,910.57,942.83,32.52,846.53,57.44,6136.0,3117.1299999999997,0.5080068448500651,0.9684774135182045,0.05333116036505867,0.14839797913950456,0.15365547588005216,0.0052998696219035205,0.13796121251629725,0.009361147327249022
748.8,526.25,144.98,624.03,117.05,987.58,8943.0,3148.69,0.35208431175220845,1.8402287935617667,0.08373029184837302,0.05884490663088449,0.016211562115621154,0.06977859778597785,0.013088449066308844,0.11043050430504306
847.61,700.94,349.72,155.25,811.17,170.85,6356.0,3035.5400000000004,0.477586532410321,1.0938613887479656,0.13335588420390182,0.11028005034612964,0.055022026431718066,0.024425739458779107,0.12762271869100061,0.026880113278791692
357.67,945.38,924.43,586.17,868.45,85.29,7806.0,3767.3900000000003,0.4826274660517551,1.0719914848210563,0.045819882141942096,0.1211094030233154,0.11842557007430181,0.07509223674096847,0.11125416346400206,0.010926210607225212
962.92,86.72,576.72,276.39,916.96,328.88,6153.0,3148.59,0.5117162359824476,0.954208074090307,0.15649601820250283,0.014093937916463514,0.0937298878595807,0.04491955143832277,0.1490264911425321,0.05345034942304567
327.43,325.09,852.14,786.06,11.18,483.1,6809.0,2784.9999999999995,0.40901747686885,1.4448833034111315,0.04808782493758261,0.0477441621383463,0.12514906741077986,0.11544426494345718,0.0016419444852401233,0.07095021295344398
637.84,191.38,629.57,470.89,241.79,270.87,5356.0,2442.3399999999997,0.4560007468259895,1.192978864531556,0.11908887229275579,0.035731889469753544,0.11754480955937267,0.08791822255414489,0.0451437640029873,0.05057318894697536
800.5,358.92,982.04,192.2,246.33,64.39,5182.0,2644.3799999999997,0.5103010420686993,0.9596275875630585,0.15447703589347742,0.06926283288305674,0.18950984175993824,0.03708992666923967,0.047535700501736784,0.012425704361250482
297.49,317.84,449.9,257.88,200.25,311.59,4373.0,1834.95,0.41960896409787335,1.3831712035750294,0.06802881317173565,0.07268236908300937,0.10288131717356505,0.05897095815229819,0.04579236222273039,0.07125314429453464
458.15,539.02,394.62,829.0,522.14,240.13,6779.0,2983.06,0.44004425431479566,1.27249870937896,0.06758371441215519,0.07951320253724738,0.05821212568225402,0.12228942321876383,0.07702315975807641,0.035422628706298864
187.95,912.23,337.43,206.61,47.44,616.45,6667.0,2308.1100000000006,0.34619919004049804,1.8885105129304922,0.028191090445477726,0.13682765861706914,0.05061196940152993,0.03098995050247488,0.0071156442177891105,0.0924628768561572
908.42,417.74,358.1,230.22,654.42,542.42,7124.0,3111.3199999999997,0.4367377877596855,1.2897034056284795,0.12751544076361593,0.05863840539023021,0.05026670409882089,0.032316114542391916,0.09186131386861314,0.07613980909601346
800.14,576.92,984.33,254.77,285.79,689.01,8554.0,3590.96,0.41979892447977557,1.3820928108360995,0.09353986439092822,0.06744447042319382,0.1150724807107786,0.029783726911386487,0.03341010053776011,0.08054828150572832
217.39,533.83,526.94,393.81,486.13,390.64,5957.0,2548.74,0.42785630350847736,1.3372332995911707,0.03649320127580997,0.08961389961389962,0.08845727715292934,0.06610877958704045,0.08160651334564378,0.06557663253315427
236.29,335.11,480.23,555.73,527.03,71.12,4499.0,2205.51,0.4902222716159147,1.0398910002675117,0.0525205601244721,0.0744854412091576,0.10674149811069127,0.12352300511224718,0.11714380973549678,0.015807957323849747
966.65,20.64,439.86,496.81,282.27,595.38,6598.0,2801.61,0.4246150348590482,1.3550744036464746,0.14650651712640195,0.0031282206729311914,0.06666565625947257,0.07529705971506517,0.042781145801758104,0.09023643528341922
946.68,429.45,603.51,910.23,479.18,902.26,10543.0,4271.3099999999995,0.4051323152802807,1.4683293884077722,0.0897922792374087,0.040733187897182964,0.05724272028834298,0.08633500901071801,0.04545006165228113,0.08557905719434696
480.33,386.61,926.8,901.98,559.91,949.15,10223.0,4204.78,0.4113058789005184,1.4312805901854557,0.046985229384720724,0.03781766604714859,0.09065831947569206,0.08823046072581434,0.05476963709282989,0.09284456617431282
107.84,373.19,502.84,407.08,628.77,185.25,4593.0,2204.97,0.48007184846505546,1.0830215377079961,0.023479207489658177,0.08125190507293707,0.10947964293490094,0.08863052471151753,0.13689745264532985,0.040333115610711956
929.58,532.21,736.11,557.15,775.83,206.43,7723.0,3737.31,0.4839194613492166,1.0664595658374607,0.12036514307911433,0.06891233976434029,0.09531399715136606,0.07214165479735854,0.10045707626569986,0.026729250291337565
773.82,831.53,960.7,353.72,394.54,192.38,7611.0,3506.6900000000005,0.4607397188280122,1.1704228203804725,0.10167126527394561,0.109253711733018,0.1262252003678886,0.04647483904874524,0.05183812902378137,0.025276573380633292
367.73,824.44,566.91,767.46,781.79,327.23,8216.0,3635.56,0.4424975657254138,1.2598994377757486,0.044757789678675754,0.10034566699123662,0.06900073028237586,0.09341041869522883,0.09515457643622201,0.039828383641674785
226.6,11.0,71.35,11.69,485.85,791.91,4384.0,1598.4,0.3645985401459854,1.7427427427427427,0.05168795620437956,0.002509124087591241,0.01627509124087591,0.002666514598540146,0.11082344890510949,0.18063640510948906
576.73,756.33,87.96,369.57,223.6,914.72,8421.0,2928.91,0.34781023631397695,1.8751310214380095,0.06848711554447215,0.08981474884218027,0.01044531528322052,0.043886711791948696,0.026552665954162214,0.10862367889799311
4.95,667.51,14.86,873.18,825.37,510.47,7236.0,2896.34,0.4002681039248204,1.4983254728381334,0.0006840796019900498,0.09224847982310669,0.0020536207849640685,0.12067164179104477,0.11406440022111664,0.07054588170259812
976.88,832.08,79.47,619.22,368.12,260.66,7584.0,3136.43,0.4135588080168776,1.4180357922861342,0.12880801687763713,0.10971518987341773,0.01047863924050633,0.08164820675105486,0.04853902953586498,0.034369725738396625
402.63,638.9,236.86,917.84,105.81,859.22,8925.0,3161.26,0.3542028011204482,1.8232413657845288,0.04511260504201681,0.07158543417366947,0.026538935574229695,0.10283921568627451,0.01185546218487395,0.09627114845938375
254.3,526.4,448.11,694.84,176.67,928.28,8428.0,3028.6000000000004,0.3593497864261984,1.7828039358119259,0.03017323208353109,0.062458471760797336,0.05316919791172283,0.08244423350735644,0.020962268628381582,0.11014238253440911
211.37,925.49,614.64,918.84,695.52,599.91,9658.0,3965.77,0.4106202112238559,1.4353404256928666,0.021885483536964175,0.0958262580244357,0.0636405052805964,0.09513770967073928,0.07201490991923794,0.062115344791882375
579.98,330.09,787.75,438.44,193.77,257.0,5688.0,2587.0299999999997,0.45482243319268634,1.1986602397343675,0.10196554149085794,0.058032700421940926,0.13849331926863573,0.07708157524613221,0.034066455696202536,0.04518284106891702
306.18,137.08,549.85,725.44,890.43,381.03,6245.0,2990.01,0.4787846277021618,1.0886217771846916,0.04902802241793435,0.021950360288230587,0.08804643714971978,0.11616333066453163,0.14258286629303443,0.06101361088871096
592.24,73.4,847.47,595.24,721.16,931.95,8744.0,3761.46,0.430176120768527,1.3246292662955341,0.06773101555352241,0.008394327538883807,0.09692017383348582,0.06807410795974382,0.08247483989021043,0.1065816559926807
503.08,875.25,57.35,837.4,49.45,493.39,7838.0,2815.9199999999996,0.3592651186527175,1.7834597573794713,0.06418474100535851,0.11166751722378157,0.0073169175810155656,0.10683847920387854,0.0063090073998469,0.06294845623883644
628.35,943.41,461.31,162.85,344.75,318.33,6860.0,2859.0,0.41676384839650144,1.3994403637635537,0.09159620991253645,0.13752332361516034,0.0672463556851312,0.023739067055393585,0.050255102040816325,0.04640379008746356
344.11,179.19,30.19,535.22,118.13,353.31,4151.0,1560.15,0.37584919296555047,1.6606416049738806,0.08289809684413395,0.04316791134666345,0.0072729462780053,0.12893760539629007,0.028458202842688508,0.08511443025776921
814.57,795.23,539.03,630.16,150.17,378.63,8099.0,3307.79,0.40841955797011975,1.4484625686636696,0.10057661439683913,0.09818866526731695,0.06655513026299543,0.07780713668354117,0.018541795283368315,0.046750216076058775
275.46,334.21,974.15,657.96,338.91,501.63,7087.0,3082.3199999999997,0.43492592069987296,1.299242129305199,0.03886835050091717,0.047158176943699726,0.13745590517849585,0.09284041202201214,0.04782136305912234,0.07078171299562579
516.34,682.94,670.66,593.97,665.91,237.67,7321.0,3367.49,0.4599767791285343,1.1740227884863803,0.07052861630924738,0.09328507034558121,0.09160770386559212,0.08113235896735418,0.09095888539816964,0.03246414424258981
438.1,556.71,823.93,362.43,576.68,19.49,5453.0,2777.3399999999997,0.5093233082706766,0.9633894301741956,0.08034109664404915,0.10209242618741977,0.15109664404914724,0.06646433156060884,0.1057546304786356,0.0035741793508160644
309.23,254.62,616.46,888.42,216.48,901.14,8380.0,3186.35,0.3802326968973747,1.6299684592088126,0.03690095465393795,0.030384248210023865,0.07356324582338902,0.10601670644391407,0.025832935560859187,0.1075346062052506
280.46,676.19,729.46,539.74,548.07,324.9,6984.0,3098.8200000000006,0.4437027491408936,1.253761109067322,0.04015750286368843,0.09681987399770906,0.10444730813287514,0.0772823596792669,0.07847508591065293,0.046520618556701025
627.1,520.53,461.58,646.87,999.79,681.44,9037.0,3937.31,0.43568772822839436,1.2952218646741052,0.0693924975102357,0.057599867212570544,0.05107668474051123,0.07158017041053447,0.11063295341374349,0.07540555494079894
472.66,288.53,836.27,679.08,490.43,294.0,6525.0,3060.97,0.4691141762452107,1.1316772134323434,0.07243831417624522,0.0442191570881226,0.1281639846743295,0.10407356321839081,0.07516168582375479,0.045057471264367814
484.3,857.63,969.6,50.03,807.26,22.11,6184.0,3190.9300000000007,0.5159977360931437,0.9379929989062745,0.0783150064683053,0.1386853169469599,0.15679172056921087,0.008090232858990945,0.13054010349288486,0.0035753557567917205
253.65,51.38,417.09,689.61,885.97,74.93,4368.0,2372.6299999999997,0.5431845238095238,0.8409950139718374,0.05807005494505495,0.011762820512820514,0.09548763736263735,0.15787774725274725,0.20283195970695972,0.01715430402930403
564.09,321.15,590.16,161.65,109.3,776.77,6603.0,2523.12,0.3821172194457065,1.6169980024731285,0.08542935029532031,0.04863698318945933,0.08937755565651975,0.024481296380433136,0.016553081932454944,0.117638951991519
154.83,302.06,911.95,100.35,143.65,623.62,5519.0,2236.46,0.4052292081898895,1.4677391949777774,0.028053995289001633,0.054730929516216706,0.16523826780213807,0.01818264178293169,0.02602826599021562,0.11299510780938576
909.36,487.33,344.62,285.48,91.26,926.73,8320.0,3044.78,0.36595913461538465,1.7325455369517664,0.10929807692307693,0.05857331730769231,0.04142067307692308,0.0343125,0.010968750000000001,0.11138581730769231
867.51,932.27,148.9,373.02,570.23,531.79,8504.0,3423.72,0.4026011288805268,1.4838479782225185,0.10201199435559737,0.10962723424270931,0.017509407337723423,0.04386406396989652,0.06705432737535277,0.06253410159924741
992.99,831.97,982.63,361.36,331.65,574.97,9553.0,4075.5700000000006,0.4266272375170104,1.3439666108053594,0.10394535747932587,0.08708991939704805,0.10286088139851356,0.0378268606720402,0.03471684287658327,0.060187375693499426
331.82,175.46,763.6,352.17,256.97,372.7,5019.0,2252.7200000000003,0.4488384140266986,1.2279732945061967,0.06611277146842,0.03495915521020124,0.15214186092847182,0.0701673640167364,0.05119944211994422,0.07425782028292488
479.95,842.11,196.97,595.41,883.59,337.1,7677.0,3335.13,0.4344314185228605,1.301859297838465,0.06251791064217793,0.10969258825061873,0.02565715774391038,0.07755763970300898,0.11509574052364205,0.04391038165950241
788.17,825.42,912.89,235.03,938.7,907.57,10763.0,4607.78,0.4281129796525132,1.335832005868336,0.07322958283006596,0.07669051379726842,0.08481743008454892,0.021836848462324632,0.08721546037350182,0.0843231441048035
540.69,326.95,362.71,597.94,255.6,635.3,6959.0,2719.1900000000005,0.39074435982181355,1.5592180024198379,0.07769650811898263,0.04698232504670211,0.052120994395746516,0.08592326483690187,0.03672941514585429,0.0912918522776261
679.14,447.24,395.3,421.19,565.18,169.63,5692.0,2677.6800000000003,0.47042867182009845,1.1257207732066563,0.11931482782853127,0.07857343640196768,0.06944834855938159,0.07399683766690092,0.09929374560787069,0.02980147575544624
283.57,358.42,213.66,29.11,622.68,90.42,3141.0,1597.8600000000001,0.5087106017191978,0.9657541962374675,0.09028016555237185,0.11411015600127349,0.06802292263610316,0.009267749124482649,0.19824259789875834,0.028787010506208216
751.82,145.44,471.13,744.64,534.31,809.25,8387.0,3456.5899999999997,0.41213664003815426,1.426379755770861,0.08964111124359128,0.01734112316680577,0.056173840467390004,0.08878502444258972,0.0637069273876237,0.09648861333015381
835.52,315.69,142.37,764.15,563.82,833.02,8760.0,3454.57,0.3943573059360731,1.5357714563607048,0.09537899543378996,0.03603767123287671,0.01625228310502283,0.08723173515981734,0.06436301369863014,0.09509360730593606
5.77,169.34,725.49,477.59,363.65,429.3,4945.0,2171.1400000000003,0.4390576339737109,1.2776053133376932,0.0011668351870576339,0.03424469160768453,0.1467118301314459,0.0965803842264914,0.07353892821031344,0.0868149646107179
322.0,605.12,47.46,531.5,839.57,694.12,7639.0,3039.77,0.3979277392328839,1.513019077101228,0.04215211415106689,0.07921455687917267,0.0062128550857442075,0.06957716978662129,0.10990574682550072,0.0908652965047781
927.85,609.14,185.13,117.63,326.15,685.77,7395.0,2851.67,0.3856213657876944,1.5932173077530007,0.12546991210277214,0.08237187288708586,0.025034482758620687,0.015906693711967543,0.04410412440838404,0.0927342799188641
142.99,644.11,93.04,221.03,547.35,968.01,7430.0,2616.5299999999997,0.352157469717362,1.839638758202658,0.019244952893674293,0.08669044414535666,0.01252220726783311,0.029748317631224763,0.07366756393001346,0.13028398384925977
196.22,945.14,807.19,314.81,691.84,293.48,7219.0,3248.6800000000003,0.4500180080343538,1.2221332972160999,0.027181050006926166,0.13092395068569054,0.11181465576949717,0.04360853303781687,0.09583598836403935,0.04065383017038371
204.8,416.06,743.94,884.94,11.75,750.43,8000.0,3011.92,0.37649,1.6561130441711598,0.0256,0.0520075,0.0929925,0.11061750000000001,0.00146875,0.09380374999999999
899.43,712.96,760.18,762.53,75.72,378.28,8576.0,3589.0999999999995,0.4185051305970149,1.3894569669276424,0.10487756529850746,0.08313432835820896,0.08864039179104477,0.08891441231343283,0.00882929104477612,0.044109141791044776
204.63,624.34,566.31,379.17,952.84,786.09,8368.0,3513.38,0.4198589866156788,1.38175204503925,0.02445387189292543,0.07461042065009561,0.06767566921606118,0.04531190248565966,0.11386711281070747,0.09394000956022945
100.6,606.55,88.07,681.03,251.5,68.65,4427.0,1796.4,0.4057826970860628,1.4643731908260964,0.022724192455387395,0.13701152021685112,0.019893833295685566,0.15383555455161507,0.05681048113846849,0.015507115428055118
837.69,633.04,348.36,48.06,649.56,834.14,8332.0,3350.85,0.40216634661545847,1.4865332676783503,0.10053888622179549,0.07597695631301007,0.04180988958233318,0.005768122899663946,0.07795967354776763,0.10011281805088815
319.67,510.24,421.67,851.19,21.56,377.89,6473.0,2502.2200000000003,0.3865626448323807,1.5869028302867052,0.04938513826664607,0.07882589216746486,0.06514290128224935,0.13149853236520934,0.0033307585354549665,0.058379422215356094
481.36,142.48,493.66,588.1,784.36,814.73,7803.0,3304.69,0.4235153146225811,1.3611897031189006,0.06168909393822889,0.018259643726771753,0.06326541073945918,0.0753684480328079,0.1005203127002435,0.10441240548506985
632.14,332.75,875.67,63.47,979.73,85.44,5255.0,2969.2000000000003,0.565023786869648,0.7698369931294623,0.1202930542340628,0.06332064700285442,0.16663558515699334,0.01207802093244529,0.18643767840152237,0.01625880114176974
791.08,238.26,369.8,199.95,378.52,285.02,4941.0,2262.63,0.4579295689131755,1.1837419286405642,0.16010524185387573,0.04822100789313904,0.07484314916008905,0.04046751669702489,0.07660797409431289,0.05768467921473386
747.35,261.12,37.92,934.6,770.3,710.22,8425.0,3461.51,0.4108617210682493,1.4339089010287416,0.08870623145400594,0.030993471810089022,0.004500890207715134,0.11093175074183977,0.09143026706231454,0.08429910979228487
675.29,182.0,805.35,547.92,414.81,769.94,8039.0,3395.31,0.4223547704938425,1.3676777672730915,0.08400174151013808,0.02263963179499938,0.10018037069287225,0.06815773106107724,0.0515997014554049,0.09577559397935068
288.31,233.38,936.94,349.42,598.62,54.17,4481.0,2460.84,0.5491720598080786,0.8209229368833405,0.06434054898460165,0.05208212452577549,0.2090917205980808,0.07797812988172283,0.1335907163579558,0.012088819459941978
411.39,336.15,206.56,411.67,502.62,763.13,6831.0,2631.52,0.3852320304494217,1.5958381467744875,0.06022397891963109,0.0492094861660079,0.03023861806470502,0.06026496852583809,0.07357927097057532,0.11171570780266432
983.4,583.08,544.15,443.14,791.0,864.11,10049.0,4208.88,0.4188357050452782,1.387571040276748,0.09786048363021196,0.05802368394865161,0.054149666633495866,0.04409792019106379,0.07871429993034133,0.08598965071151358
536.33,759.45,451.21,653.83,614.92,160.29,7044.0,3176.03,0.4508844406587167,1.2178631813931227,0.07613997728563317,0.10781516183986373,0.06405593412833617,0.09282084043157297,0.08729699034639408,0.022755536626916522
250.42,727.86,310.57,360.1,267.09,389.7,5931.0,2305.74,0.3887607486090035,1.572276145619194,0.042222222222222223,0.12272129489124937,0.05236385095262182,0.060714887877255104,0.045032878098128476,0.06570561456752655
775.64,605.6,605.68,189.84,732.13,923.42,9318.0,3832.3100000000004,0.41128031766473494,1.4314316952438606,0.08324103884953853,0.06499248765829578,0.06500107319167203,0.020373470701867354,0.07857158188452458,0.09910066537883666
297.55,132.32,771.99,810.67,480.55,280.3,5881.0,2773.3800000000006,0.4715830641047442,1.1205172028355288,0.05059513688148274,0.022499574902227513,0.1312684917531032,0.13784560448903246,0.08171229382758034,0.0476619622513178
394.3,741.23,353.72,320.03,956.05,436.94,7231.0,3202.27,0.4428529940533813,1.258085670477505,0.054529110773060434,0.10250726040658277,0.04891716221822708,0.0442580555939704,0.13221546120868483,0.06042594385285576
375.35,860.54,694.24,408.09,61.92,325.88,6763.0,2726.02,0.40307851545172263,1.480906229594794,0.05550051752180985,0.12724234807038295,0.10265266893390507,0.06034156439449948,0.009155700133077036,0.0481857163980482
341.92,886.64,355.31,663.6,278.87,718.15,8737.0,3244.49,0.37135057800160237,1.6928731480140178,0.0391347144328717,0.10148105757124871,0.04066727709740185,0.07595284422570676,0.031918278585326774,0.08219640608904658
318.73,858.87,896.81,485.14,929.73,459.97,8724.0,3949.25,0.4526879871618524,1.2090270304488193,0.03653484640073361,0.09844910591471802,0.10279802842732691,0.05560981201283815,0.10657152682255847,0.052724667583677214
972.28,816.97,430.3,401.46,555.19,351.3,8130.0,3527.5000000000005,0.43388683886838875,1.3047484053862508,0.11959163591635916,0.10048831488314884,0.052927429274292746,0.04938007380073801,0.06828905289052892,0.043210332103321036
350.3,185.3,353.98,574.66,1.1,860.7,6678.0,2326.04,0.34831386642707396,1.8709738439579715,0.052455825097334534,0.02774782869122492,0.05300688828990716,0.08605271039233303,0.00016471997604073076,0.12888589398023362
520.95,278.31,634.73,510.64,449.85,413.95,6281.0,2808.43,0.44713103009074984,1.2364808807768042,0.08294061455182297,0.044309823276548324,0.10105556440057316,0.08129915618532081,0.07162076102531445,0.06590511065117019
642.75,878.1,999.23,662.46,117.02,454.2,9006.0,3753.7599999999998,0.4168065733955141,1.3991944077405056,0.0713690872751499,0.0975016655562958,0.11095158783033533,0.07355762824783478,0.012993559848989563,0.05043304463690872
383.91,864.55,673.49,809.05,927.93,318.49,8776.0,3977.42,0.45321558796718325,1.2064554409642432,0.04374544211485871,0.09851298997265269,0.0767422515952598,0.09218892433910665,0.10573495897903372,0.03629102096627165
427.73,791.7,179.24,487.63,901.61,211.18,6657.0,2999.09,0.4505167492864654,1.2196733009012732,0.06425266636623103,0.1189274447949527,0.026925041309899356,0.0732507135346252,0.13543788493315306,0.031722998347604024
377.42,813.58,167.37,588.21,966.39,532.65,8198.0,3445.62,0.4203000731885826,1.3792525002757123,0.046038058062942186,0.09924127836057575,0.020415955111002686,0.07175042693339839,0.11788119053427665,0.06497316418638692
767.6,819.62,663.57,144.69,342.12,262.48,6802.0,3000.08,0.4410585122022934,1.2672728727233942,0.11284916201117319,0.12049691267274332,0.09755513084386946,0.02127168479858865,0.05029697147897677,0.03858865039694208
670.26,56.23,487.73,679.19,179.2,789.95,7331.0,2862.5600000000004,0.39047333242395316,1.560994354703482,0.09142818169417542,0.007670167780657482,0.0665298049379348,0.09264629654890193,0.02444414131769199,0.10775474014459147
447.56,727.43,144.06,317.25,251.04,981.17,8313.0,2868.5099999999998,0.3450631540959942,1.8980202265287553,0.05383856610128714,0.08750511247443762,0.017329483940815592,0.038163118007939374,0.030198484301696138,0.11802838926981835
14.03,659.34,112.32,425.96,998.3,936.46,8178.0,3146.41,0.38474076791391537,1.5991526851236808,0.0017155783810222547,0.08062362435803375,0.013734409391049156,0.05208608461726583,0.12207141110295916,0.11450966006358523
632.93,653.66,251.56,734.0,879.12,138.78,7048.0,3290.0499999999997,0.46680618615209984,1.1422166836370269,0.0898027809307605,0.09274404086265607,0.03569239500567537,0.10414301929625426,0.12473325766174802,0.019690692395005677
961.72,801.42,247.44,562.54,772.64,762.27,10094.0,4108.03,0.4069774123241529,1.4571388232315734,0.09527640182286506,0.07939568060233802,0.024513572419258965,0.05573013671488012,0.07654448187041807,0.07551713889439271
677.28,651.75,68.23,569.2,100.51,515.51,7003.0,2582.4800000000005,0.3687676709981437,1.7117344568012138,0.0967128373554191,0.09306725688990433,0.009742967299728688,0.08127945166357275,0.01435242039126089,0.07361273739825788
8.84,416.59,716.0,949.21,624.59,623.31,7966.0,3338.54,0.419098669344715,1.3860729540457806,0.0011097162942505648,0.052296008034145115,0.08988199849359779,0.11915767009791615,0.07840697966357017,0.07824629676123525
269.46,304.74,221.85,57.73,669.73,641.68,5292.0,2165.19,0.4091439909297052,1.4441273052249455,0.05091836734693877,0.05758503401360544,0.041921768707482994,0.010908919123204837,0.1265551776266062,0.12125472411186695
1.04,19.68,900.71,55.67,379.03,63.1,2259.0,1419.23,0.6282558654271801,0.5917081797876313,0.00046038069942452414,0.008711819389110226,0.3987206728640992,0.02464364763169544,0.1677866312527667,0.027932713590084108
236.32,172.26,936.65,48.26,293.03,582.58,5191.0,2269.1,0.4371219418223849,1.2876911550835133,0.045524947023694855,0.03318435754189944,0.18043729531882102,0.00929685994991331,0.05644962434983625,0.11222885763822
639.02,873.2,972.38,961.58,761.14,307.13,9889.0,4514.45,0.4565122863788047,1.1905215474753292,0.06461927394074224,0.08830013145919709,0.09832945697239356,0.09723733441197291,0.07696834867023966,0.031057740924259277
846.02,919.07,403.48,429.08,24.8,632.37,8687.0,3254.82,0.3746771037181996,1.668964796824402,0.09738920225624496,0.1057983193277311,0.0464464141821112,0.04939334637964775,0.002854840566363532,0.07279498100610107
330.77,248.54,161.3,779.52,310.61,661.73,6613.0,2492.47,0.37690458188416753,1.6531914125345544,0.05001814607591108,0.037583547557840616,0.024391350370482383,0.11787690911840314,0.04696960532284893,0.10006502343868139
533.6,633.38,605.78,906.55,332.73,312.64,7784.0,3324.68,0.4271171634121274,1.3412779575778722,0.06855087358684481,0.08136947584789311,0.07782374100719425,0.11646325796505652,0.042745375128468655,0.040164439876670094
16.19,678.98,522.05,644.91,41.61,743.54,7455.0,2647.2799999999997,0.3551012743125419,1.8160980326977127,0.002171696847753186,0.09107712944332663,0.07002682763246143,0.08650704225352113,0.00558148893360161,0.09973708920187793
259.43,329.67,656.14,914.94,703.49,662.19,8277.0,3525.86,0.42598284402561315,1.3475123799583646,0.03134348193790021,0.039829648423341794,0.07927268333937416,0.11054005074302284,0.08499335508034311,0.08000362450163104
875.12,384.08,808.14,552.05,616.29,605.12,8659.0,3840.8,0.44356161219540363,1.254478233701312,0.10106478808176464,0.04435616121954036,0.09332948377410787,0.0637544751125996,0.07117334565192285,0.0698833583554683
333.54,796.11,516.83,794.89,193.18,481.94,7970.0,3116.49,0.3910276035131744,1.5573642142281863,0.04184943538268507,0.0998883312421581,0.0648469259723965,0.09973525721455458,0.02423839397741531,0.060469259723964865
637.7,33.55,582.05,753.24,307.22,525.68,6595.0,2839.44,0.4305443517816528,1.3226410841574394,0.09669446550416984,0.005087187263078089,0.0882562547384382,0.11421379833206975,0.046583775587566344,0.07970887035633055
670.31,26.73,522.02,440.71,105.33,275.16,4519.0,2040.26,0.45148484177915466,1.2149137854979266,0.14833148926753706,0.005915025448107988,0.11551670723611418,0.09752378844877185,0.023308254038504093,0.0608895773401195
398.07,611.35,333.33,160.58,952.81,438.19,6430.0,2894.33,0.45012908242612754,1.2215849609408742,0.06190824261275272,0.09507776049766718,0.051839813374805595,0.02497356143079316,0.1481819595645412,0.06814774494556765
207.49,417.62,331.3,484.32,849.61,845.14,7782.0,3135.48,0.40291441788743254,1.4819166443415364,0.026662811616551017,0.053664867643279365,0.042572603443844774,0.06223592906707787,0.1091763042919558,0.10860190182472372
620.28,290.29,118.69,436.82,803.95,294.96,5507.0,2564.99,0.46576902124568725,1.1469869278242801,0.11263482840021789,0.05271291084074814,0.02155256945705466,0.07932086435445797,0.14598692573088798,0.05356092246232068
590.98,3.63,486.88,95.81,119.34,409.45,3956.0,1706.09,0.43126643073811927,1.3187522346417833,0.1493882709807887,0.0009175935288169868,0.12307381193124368,0.024218907987866533,0.030166835187057636,0.1035010111223458
341.21,535.35,820.88,44.73,730.23,807.56,7737.0,3279.96,0.42393175649476544,1.3588702301247575,0.044101072767222436,0.0691934858472276,0.10609797078971177,0.0057813105854982545,0.09438154323381155,0.10437637327129377
515.56,765.58,670.14,79.95,525.43,609.28,7585.0,3165.9399999999996,0.417394858272907,1.395812933915362,0.06797099538562952,0.10093342122610416,0.0883506921555702,0.01054054054054054,0.06927224785761371,0.08032696110744891
711.36,84.09,52.43,907.89,744.53,85.62,5279.0,2585.92,0.48985035044516007,1.04143979705482,0.13475279408978974,0.01592915324872135,0.009931805266148891,0.17198143587800718,0.14103618109490434,0.01621898086758856
493.47,326.11,546.03,406.79,492.74,610.5,6838.0,2875.6400000000003,0.42053816905527935,1.3779054401802726,0.07216583796431705,0.04769084527639661,0.0798522959929804,0.0594896168470313,0.07205908160280784,0.08928049137174612
966.54,617.8,850.09,731.43,999.83,354.16,9498.0,4519.849999999999,0.4758738681827753,1.1013971702600753,0.10176247631080226,0.06504527268898715,0.0895020004211413,0.07700884396715098,0.1052674247209939,0.03728785007369973
362.64,54.75,754.27,888.38,574.96,324.74,6238.0,2959.74,0.4744693812119269,1.10761756100198,0.05813401731324142,0.008776851554985572,0.12091535748637383,0.1424142353318371,0.09217056748958,0.052058352035908945
251.5,937.55,330.19,277.28,411.96,336.4,6356.0,2544.88,0.40039018250471997,1.4975637358146552,0.03956891126494651,0.14750629326620515,0.05194933920704846,0.04362492133417243,0.06481434864694777,0.05292636878539962
410.44,608.41,719.84,907.29,84.35,681.15,8806.0,3411.48,0.38740404269816037,1.5812843692473648,0.046609130138541906,0.06909039291392233,0.08174426527367704,0.10303088803088803,0.009578696343402224,0.07735066999772881
836.78,395.37,26.66,152.38,786.1,738.4,7175.0,2935.69,0.4091554006968641,1.444059147934557,0.11662439024390243,0.05510383275261324,0.0037156794425087106,0.021237630662020904,0.1095609756097561,0.10291289198606271
60.41,884.67,892.1,576.07,74.29,704.23,8472.0,3191.77,0.3767433899905571,1.6543265962146394,0.007130547686496695,0.10442280453257789,0.10529981114258735,0.06799693106704438,0.008768885741265345,0.08312440982058546
226.56,802.92,55.51,300.17,6.18,141.23,4279.0,1532.5700000000002,0.358160785230194,1.7920421253189085,0.05294695022201449,0.18764197242346342,0.012972657162888524,0.0701495676559944,0.0014442626781958402,0.0330053750876373
117.94,635.13,238.6,364.03,324.37,497.95,5787.0,2178.0199999999995,0.3763642647312942,1.6570003948540424,0.02038016243303957,0.109751166407465,0.04123034387420079,0.06290478659063417,0.05605149472956627,0.08604631069638846
590.38,541.99,468.96,559.48,688.64,271.46,6827.0,3120.91,0.4571422293833309,1.1875030039315457,0.08647722279185587,0.07938918998095797,0.06869195840046873,0.08195107660758752,0.10087007470338362,0.03976270689907719
255.61,637.59,496.61,203.09,614.44,206.61,5235.0,2413.9500000000003,0.4611174785100287,1.1686447523768095,0.048827125119388734,0.12179369627507164,0.09486341929321872,0.038794651384909264,0.1173715377268386,0.03946704871060172
428.43,12.55,145.97,512.33,853.58,196.52,4212.0,2149.38,0.5102991452991453,0.9596348714513021,0.10171652421652422,0.002979582146248813,0.03465574548907882,0.12163580246913581,0.20265432098765432,0.046657169990503324
149.78,191.97,558.87,172.98,412.79,178.45,3335.0,1664.84,0.4992023988005997,1.0031955022704886,0.044911544227886055,0.057562218890554726,0.16757721139430284,0.051868065967016486,0.12377511244377812,0.05350824587706147
328.07,782.75,172.69,313.47,124.85,453.17,6026.0,2175.0,0.3609359442416196,1.7705747126436782,0.05444241619648191,0.12989545303684036,0.028657484234981746,0.052019581812147365,0.02071855293727182,0.07520245602389646
795.28,970.21,968.39,857.64,255.73,149.39,9011.0,3996.64,0.44352902008656087,1.2546439008767367,0.08825657529685939,0.10766951503717678,0.1074675396737321,0.09517700588170014,0.028379758073465763,0.016578626123626677
72.75,880.44,239.08,949.07,902.65,148.75,7192.0,3192.7400000000002,0.44392936596218024,1.2526106103221684,0.010115406006674082,0.12241935483870968,0.03324249165739711,0.1319619021134594,0.12550750834260288,0.020682703003337043
132.99,757.7,167.64,230.73,297.79,886.06,7282.0,2472.91,0.3395921450151057,1.9447088652640008,0.01826283987915408,0.10405108486679485,0.023021148036253776,0.031684976654765176,0.040893985168909644,0.12167811040922823
284.0,556.77,96.05,116.79,694.57,559.16,5744.0,2307.3399999999997,0.4016956824512534,1.4894467221995895,0.04944289693593315,0.09693071030640668,0.016721796657381615,0.020332520891364905,0.12092096100278553,0.0973467966573816
36.04,925.81,822.63,531.67,57.51,218.46,6348.0,2592.1200000000003,0.4083364839319471,1.4489606962640615,0.005677378701953371,0.14584278512917453,0.12958884688090738,0.08375393824826717,0.009059546313799622,0.03441398865784499
599.92,832.48,116.6,296.04,970.38,415.97,7425.0,3231.3900000000003,0.4352040404040404,1.297772785086294,0.0807973063973064,0.11211851851851852,0.015703703703703702,0.03987070707070707,0.13069090909090908,0.05602289562289563
994.4,785.92,159.25,381.83,296.66,892.39,9473.0,3510.45,0.3705742636968225,1.698514435471236,0.10497202575741581,0.08296421408212815,0.016810936345402722,0.040307188852528236,0.03131637284915022,0.0942035258101974
36.04,423.25,166.91,222.02,598.43,247.19,3878.0,1693.8400000000001,0.43678184631253225,1.289472441316771,0.009293450232078391,0.10914130995358433,0.04304022692109335,0.05725116039195462,0.15431407942238265,0.06374161939143888
475.17,380.97,460.06,642.39,220.0,376.2,6144.0,2554.79,0.41581868489583335,1.4048943357379668,0.07733886718750001,0.062006835937500004,0.07487955729166666,0.1045556640625,0.035807291666666664,0.061230468749999996
587.02,361.02,694.24,329.66,797.7,313.53,6324.0,3083.17,0.4875347881087919,1.0511356817820618,0.09282416192283365,0.05708728652751423,0.10977862112586971,0.052128399746995575,0.1261385199240987,0.049577798861480074
781.15,552.75,174.21,601.86,777.93,366.76,7383.0,3254.66,0.440831640254639,1.2684397141329664,0.10580387376405255,0.07486793986184478,0.02359609914668834,0.08151970743600162,0.10536773669240146,0.04967628335365028
472.43,114.31,565.1,905.36,405.67,185.11,5620.0,2647.9800000000005,0.47117081850533815,1.1223725254722463,0.08406227758007118,0.020339857651245553,0.10055160142348755,0.16109608540925266,0.07218327402135231,0.03293772241992883
54.08,736.44,997.23,735.75,9.53,71.72,5940.0,2604.75,0.438510101010101,1.280449179383818,0.009104377104377104,0.123979797979798,0.16788383838383839,0.12386363636363637,0.0016043771043771043,0.012074074074074074
274.3,333.08,614.05,620.32,174.87,574.23,6519.0,2590.85,0.3974305875134223,1.5161626493235811,0.042077005675717136,0.05109372603159994,0.09419389476913637,0.09515569872679859,0.026824666359871147,0.08808559595029913
906.84,187.21,676.99,655.5,321.59,632.86,7964.0,3380.9900000000002,0.4245341536916123,1.3555230864332637,0.11386740331491713,0.02350703164239076,0.08500627825213461,0.08230788548468107,0.0403804620793571,0.0794650929181316
855.78,620.44,763.26,385.05,461.73,58.23,6456.0,3144.4900000000002,0.4870647459727386,1.053115131547564,0.13255576208178438,0.09610285006195787,0.11822490706319702,0.05964219330855019,0.07151951672862454,0.009019516728624536
269.01,390.09,860.02,944.26,607.55,277.63,7174.0,3348.5600000000004,0.4667633119598551,1.1424134553360248,0.037497909116253135,0.054375522720936716,0.11988012266517982,0.1316225257875662,0.08468776136046835,0.03869947030945079
52.01,177.25,174.17,686.41,618.69,234.05,4278.0,1942.58,0.4540860215053763,1.2022259057542033,0.0121575502571295,0.04143291257597008,0.040712949976624585,0.1604511453950444,0.14462131837307154,0.05471014492753624
610.15,995.32,757.92,622.36,241.99,910.61,10841.0,4138.349999999999,0.3817313900931648,1.6196430944700186,0.0562817083294899,0.09181071856839776,0.06991236970759154,0.05740798819297113,0.022321741536758602,0.08399686375795591
387.72,256.08,791.75,40.6,822.03,342.0,5185.0,2640.18,0.5091957569913211,0.963881250520798,0.07477724204435873,0.04938862102217936,0.15270009643201543,0.007830279652844744,0.15854001928640307,0.06595949855351976
328.11,183.13,850.23,461.4,345.2,489.56,6005.0,2657.6299999999997,0.4425695253955037,1.2595319890278183,0.05463946711074105,0.030496253122398002,0.14158701082431308,0.07683597002497917,0.05748542880932556,0.08152539550374688
890.01,373.28,623.96,228.75,314.52,224.78,5681.0,2655.3,0.4674001056152086,1.1394945957142317,0.15666431966203134,0.065706741770815,0.10983277591973245,0.040265798274951595,0.05536349234289738,0.03956697764478085
167.14,943.57,820.53,455.0,131.76,363.92,7130.0,2881.92,0.40419635343618515,1.474045081057073,0.023441795231416547,0.13233800841514728,0.11508134642356241,0.0638148667601683,0.018479663394109395,0.051040673211781205
668.24,798.99,171.95,283.05,546.02,677.84,8078.0,3146.09,0.38946397623174056,1.567631568073386,0.08272344639762318,0.09890938351077,0.02128620945778658,0.035039613765783614,0.0675934637286457,0.08391185937113148
249.8,487.18,922.77,18.49,510.91,837.58,7339.0,3026.73,0.41241722305491213,1.4247289979614965,0.03403733478675569,0.06638234091838126,0.12573511377571875,0.0025194168142798744,0.06961575146477722,0.11412726529499932
188.82,129.27,230.43,464.89,389.11,748.99,5728.0,2151.51,0.37561277932960896,1.6623162337149255,0.03296438547486034,0.022568086592178772,0.04022870111731844,0.08116096368715084,0.06793121508379889,0.13075942737430168
383.98,654.54,678.22,651.29,415.85,411.91,7529.0,3195.7899999999995,0.42446407225395133,1.355911996720686,0.05100013281976358,0.08693584805419045,0.0900810200557843,0.08650418382255279,0.055233098685084345,0.054709788816575906
649.53,795.64,533.72,510.37,485.43,608.69,8775.0,3583.38,0.4083623931623932,1.4488053178842322,0.07402051282051282,0.09067122507122508,0.060822792022792026,0.058161823361823364,0.05531965811965812,0.06936638176638177
519.08,493.1,375.53,579.99,491.61,255.77,6163.0,2715.08,0.4405451890313159,1.2699146986460805,0.08422521499269837,0.08000973551841636,0.060932987181567415,0.09410838877170209,0.07976797014441019,0.0415008924225215
920.06,668.16,771.18,37.54,107.77,765.11,8281.0,3269.8199999999997,0.39485810892404294,1.532555308854922,0.11110493901702692,0.08068590749909431,0.09312643400555488,0.004533268928873325,0.013014128728414441,0.0923934307450791
754.81,590.7,655.69,228.98,495.76,821.56,8724.0,3547.4999999999995,0.40663686382393394,1.4591966173361524,0.08652109124254928,0.06770976616231088,0.0751593305823017,0.026247134342044932,0.05682714351215039,0.09417239798257679
936.41,624.97,178.87,99.33,899.69,423.56,7054.0,3162.83,0.44837397221434644,1.2302811090068073,0.13274879500992345,0.08859795860504678,0.025357244116813157,0.014081372271051886,0.12754323787921748,0.06004536433229373
257.56,524.15,414.8,828.4,544.84,733.99,8366.0,3303.74,0.39490078890748265,1.5322815960093714,0.030786516853932584,0.06265240258187903,0.04958163997131246,0.09901984221850346,0.06512550800860627,0.08773487927324887
584.41,98.11,55.77,656.0,313.47,972.78,7455.0,2680.54,0.3595627095908786,1.7811560357241452,0.07839168343393695,0.013160295103957076,0.007480885311871228,0.08799463447350771,0.04204828973843059,0.13048692152917504
191.11,438.26,529.17,479.65,299.81,34.17,4165.0,1972.17,0.4735102040816327,1.111886906301181,0.045884753901560625,0.10522448979591836,0.12705162064825928,0.11516206482593036,0.07198319327731093,0.008204081632653062
147.89,256.28,444.81,77.17,736.17,937.95,6559.0,2600.27,0.3964430553438024,1.5224303630007654,0.022547644457996643,0.03907302942521725,0.0678167403567617,0.011765513035523709,0.11223814605885042,0.14300198200945266
594.03,255.6,411.98,208.8,101.1,723.18,6104.0,2294.69,0.3759321756225426,1.66005429927354,0.09731815203145477,0.04187418086500655,0.06749344692005242,0.034207077326343385,0.016562909567496724,0.11847640891218872
626.96,160.57,823.18,650.2,662.36,933.53,9144.0,3856.8,0.4217847769028872,1.370877411325451,0.06856517935258093,0.017560148731408574,0.09002405949256342,0.07110673665791777,0.07243657042869642,0.10209208223972004
139.72,831.04,843.23,654.59,325.38,30.01,6176.0,2823.9700000000003,0.4572490284974094,1.186992071445518,0.022623056994818654,0.13455958549222796,0.1365333549222798,0.1059893134715026,0.05268458549222798,0.004859132124352332
975.65,306.3,835.84,332.31,261.19,435.6,7019.0,3146.89,0.4483387947000997,1.2304561011029937,0.13900128223393646,0.04363869497079356,0.11908249038324548,0.047344351047157715,0.03721185354039037,0.062060122524576156
811.16,115.99,36.91,48.41,616.23,365.65,4344.0,1994.35,0.45910451197053403,1.1781532830245445,0.18673112338858194,0.026701197053406997,0.008496777163904234,0.011144106813996316,0.14185773480662983,0.08417357274401473
217.94,588.9,811.95,617.71,922.97,525.86,8175.0,3685.3300000000004,0.4508048929663609,1.2182545389422383,0.026659327217125384,0.07203669724770642,0.0993211009174312,0.07556085626911316,0.11290152905198778,0.06432538226299694
783.39,185.17,997.6,578.32,811.54,119.33,6522.0,3475.35,0.532865685372585,0.87664551771764,0.12011499540018399,0.028391597669426553,0.15295921496473475,0.0886721864458755,0.12443115608708985,0.018296534805274454
524.13,762.87,327.47,236.32,128.59,817.47,7848.0,2796.85,0.3563774209989806,1.80601390850421,0.06678516819571866,0.09720565749235474,0.041726554536187566,0.030112130479102956,0.01638506625891947,0.10416284403669725
374.53,344.97,553.3,589.08,649.84,984.5,8816.0,3496.2200000000003,0.39657667876588026,1.5215804497428649,0.04248298548094374,0.03912999092558984,0.062760889292196,0.06681941923774955,0.0737114337568058,0.11167196007259528
506.05,293.98,145.94,299.63,819.33,20.55,3947.0,2085.48,0.5283709146186978,0.8926098548056083,0.12821129972130732,0.0744818849759311,0.036974917658981504,0.07591335191284519,0.20758297441094503,0.005206485938687611
111.67,325.81,846.96,823.89,815.57,537.87,7666.0,3461.77,0.45157448473780326,1.2144740985102995,0.014566918862509784,0.04250065223062875,0.11048265066527524,0.10747325854422124,0.1063879467779807,0.07016305765718758
807.13,127.07,596.9,886.41,618.66,26.23,5957.0,3062.3999999999996,0.5140842706060097,0.9452063740856846,0.1354926976666107,0.021331206983380896,0.10020144367970454,0.14880141010575793,0.10385428907168037,0.004403223098875273
251.03,553.97,571.47,91.9,233.84,205.21,4358.0,1907.42,0.4376824231298761,1.2847616151660357,0.057602111060119324,0.12711564938044975,0.13113125286828822,0.021087654887563104,0.05365764111977971,0.047088113813676
314.41,67.43,296.51,728.87,494.04,374.83,5199.0,2276.09,0.43779380650125027,1.2841803267884837,0.060475091363723796,0.012969801884977882,0.05703212156183882,0.14019426812848626,0.0950259665320254,0.07209655703019811
347.01,103.13,275.4,711.14,23.83,138.33,3779.0,1598.8399999999997,0.4230854723471817,1.3635886017362593,0.09182587986239746,0.027290288436094205,0.07287642233395078,0.1881820587456999,0.006305901032019052,0.03660492193702038
130.31,663.36,865.77,477.86,7.27,122.8,5235.0,2267.3700000000003,0.43311747851002874,1.3088424033130892,0.02489207258834766,0.1267163323782235,0.1653810888252149,0.09128175740210125,0.0013887297039159503,0.023457497612225407
46.41,760.8,137.61,493.29,727.95,34.15,4824.0,2200.21,0.456096600331675,1.1925179869194305,0.009620646766169154,0.15771144278606963,0.02852611940298508,0.10225746268656717,0.15090174129353234,0.0070791873963515755
106.55,181.42,343.32,581.93,664.95,600.27,5934.0,2478.4399999999996,0.4176676777890124,1.394247994706348,0.017955847657566564,0.03057296932928884,0.05785642062689585,0.09806707111560498,0.11205763397371082,0.1011577350859454
866.83,327.32,20.61,354.38,834.56,638.98,7180.0,3042.68,0.4237715877437326,1.3597617889492157,0.12072841225626742,0.04558774373259053,0.0028704735376044567,0.049356545961002786,0.11623398328690807,0.08899442896935933
143.05,722.7,141.99,953.58,48.53,797.64,8297.0,2807.4900000000002,0.3383741111245029,1.9553088345817793,0.017241171507773895,0.08710377244787273,0.017113414487164035,0.11493069784259372,0.005849102085090997,0.09613595275400746
428.61,610.14,959.11,583.57,524.53,617.94,8683.0,3723.9,0.42887250950132444,1.3316952657160503,0.04936197166877807,0.0702683404353334,0.11045836692387424,0.06720833813198204,0.06040884486928481,0.07116664747207187
70.41,957.97,459.46,384.3,624.25,325.35,6724.0,2821.7400000000002,0.41965199286139204,1.3829268465556712,0.010471445568114216,0.142470255800119,0.0683313503866746,0.057153480071386084,0.09283908387864366,0.048386377156454496
981.93,6.37,686.03,398.59,177.39,912.46,7869.0,3162.77,0.40192781802007876,1.488008928881961,0.12478459778879146,0.0008095056551023002,0.08718134451645698,0.05065319608590672,0.022542889820815856,0.11595628415300546
482.12,964.76,408.23,284.39,497.79,30.48,5897.0,2667.77,0.4523944378497541,1.2104604220003974,0.08175682550449381,0.1636018314397151,0.06922672545362049,0.04822621672036628,0.0844141088689164,0.0051687298626420216
952.76,419.16,154.41,325.73,696.88,839.26,8396.0,3388.2,0.40354930919485466,1.4780119237353169,0.11347784659361601,0.04992377322534541,0.018390900428775607,0.03879585516912816,0.08300142925202478,0.09995950452596475
671.4,440.07,891.2,496.54,168.1,693.94,8230.0,3361.25,0.4084143377885784,1.4484938638899219,0.08157958687727825,0.05347144592952612,0.10828675577156745,0.06033292831105711,0.020425273390036452,0.084318347509113
945.81,130.71,138.81,289.98,113.67,528.82,5476.0,2147.8,0.3922205989773558,1.549585622497439,0.1727191380569759,0.023869612856099343,0.025348794740686634,0.05295471146822499,0.020757852447041637,0.09657048940832726
769.35,155.06,481.46,769.67,87.96,132.67,5280.0,2396.17,0.45382007575757577,1.2035164449934688,0.14571022727272728,0.029367424242424243,0.09118560606060605,0.14577083333333332,0.016659090909090908,0.02512689393939394
810.69,34.08,738.91,962.41,77.52,581.26,7659.0,3204.87,0.41844496670583625,1.389800522330079,0.10584802193497847,0.0044496670583627105,0.09647604125864995,0.12565739652696173,0.010121425773599686,0.07589241415328371
913.39,157.33,463.79,946.4,13.05,406.3,7006.0,2900.26,0.4139680274050814,1.4156454938522751,0.13037253782472166,0.0224564658863831,0.06619897230944904,0.1350842135312589,0.0018626891236083359,0.05799314872966029
141.9,152.56,943.03,410.78,185.91,661.03,6045.0,2495.21,0.4127725392886683,1.4226417816536483,0.02347394540942928,0.025237386269644335,0.15600165425971876,0.06795368072787428,0.030754342431761787,0.10935153019023987
4.33,593.79,71.45,454.6,980.12,295.33,5386.0,2399.62,0.44552914964723356,1.2445220493244764,0.0008039361307092462,0.11024693650204233,0.013265874489417007,0.08440401039732641,0.18197549201633867,0.05483290011139992
224.05,637.58,183.57,184.65,264.44,87.95,3765.0,1582.2400000000002,0.420249667994688,1.3795378703610068,0.05950863213811421,0.16934395750332007,0.04875697211155378,0.04904382470119522,0.07023638778220452,0.023359893758300134
930.75,560.91,727.85,166.23,961.25,919.77,9874.0,4266.76,0.43212072108567956,1.3141681275722092,0.09426271014786307,0.05680676524204983,0.07371379380190399,0.016835122544055094,0.0973516305448653,0.09315069880494227
479.78,387.17,447.56,226.57,527.56,676.01,6693.0,2744.6499999999996,0.4100776931122067,1.4385622939172575,0.07168384879725086,0.05784700433288511,0.06686986403705364,0.03385178544748244,0.0788226505304049,0.10100253996712984
904.41,309.92,892.82,39.88,675.5,451.65,6797.0,3274.1800000000003,0.4817095777548919,1.0759396245777566,0.13306017360600264,0.04559658672943946,0.13135500956304252,0.005867294394585847,0.09938208032955716,0.06644843313226423
649.56,473.91,390.02,660.73,565.49,978.82,9540.0,3718.53,0.38978301886792455,1.5655299271486312,0.06808805031446541,0.04967610062893082,0.04088259958071279,0.06925890985324948,0.05927568134171908,0.10260167714884696
811.14,506.9,860.52,123.44,96.87,189.13,5606.0,2588.0,0.4616482340349625,1.1661514683153014,0.14469140206921155,0.09042097752408133,0.1534998216196932,0.022019265073135924,0.017279700321084553,0.03373706742775597
858.89,724.24,890.81,472.84,74.94,662.99,9156.0,3684.71,0.4024366535605068,1.484863123556535,0.09380624726955002,0.07910004368719965,0.09729248580166011,0.05164263870685889,0.008184796854521625,0.07241044124071647
642.89,203.27,769.51,475.05,732.54,150.62,5729.0,2973.88,0.5190923372316286,0.9264395335386767,0.11221679176121487,0.03548088671670449,0.13431838017105951,0.08292023040670274,0.1278652469890033,0.02629080118694362
978.38,847.76,438.63,151.49,155.02,6.74,5735.0,2578.02,0.4495239755884917,1.2245754493758776,0.17059808195292067,0.14782214472537053,0.07648299912816042,0.026414995640802096,0.027030514385353095,0.0011752397558849172
560.02,772.26,349.56,996.16,360.7,757.59,9901.0,3796.29,0.3834249065750934,1.6080726182667815,0.05656196343803656,0.077998182001818,0.03530552469447531,0.10061205938794061,0.03643066356933643,0.07651651348348652
237.2,299.47,798.66,268.19,100.13,828.94,6667.0,2532.59,0.3798695065246738,1.6324829522346687,0.03557822108894555,0.04491825408729564,0.11979301034948252,0.04022648867556622,0.015018749062546872,0.12433478326083697
461.89,638.91,566.4,48.0,677.84,907.75,8248.0,3300.79,0.4001927740058196,1.4987957428373209,0.05600024248302619,0.07746241513094083,0.06867119301648884,0.005819592628516004,0.08218234723569351,0.11005698351115421
928.46,525.72,584.62,709.57,351.45,392.49,8098.0,3492.3100000000004,0.4312558656458385,1.3188090404345545,0.11465300074092369,0.06491973326747345,0.07219313410718696,0.08762286984440604,0.043399604840701406,0.04846752284514695
529.95,191.3,89.94,28.84,507.41,256.91,3473.0,1604.3500000000001,0.4619493233515693,1.1647396141739643,0.15259141952202707,0.05508206161819753,0.025896919090123812,0.00830405989058451,0.1461013532968615,0.07397350993377484
723.93,437.97,54.43,877.91,454.95,791.16,8753.0,3340.35,0.3816234433908374,1.620384091487419,0.08270650062835598,0.050036558894093454,0.006218439392208386,0.10029818347994973,0.051976465211927336,0.09038729578430252
502.27,606.1,113.8,589.36,359.02,878.2,8391.0,3048.75,0.36333571683947086,1.7522755227552276,0.059858181384817064,0.07223215349779526,0.01356214992253605,0.07023715886068407,0.04278631867477058,0.10465975449886784
152.72,72.9,746.8,295.79,708.24,274.36,4333.0,2250.81,0.5194576505885068,0.9250847472687611,0.03524578813754904,0.01682437110546965,0.17235171936302793,0.06826448188322179,0.1634525732748673,0.06331871682437111
920.76,365.45,142.95,416.52,875.27,365.21,6708.0,3086.16,0.4600715563506261,1.1735749280659462,0.13726296958855097,0.05447972570065593,0.021310375670840785,0.06209302325581395,0.1304815146094216,0.05444394752534287
48.31,555.19,305.47,753.44,174.5,139.46,4878.0,1976.3700000000001,0.405159901599016,1.4681613260674873,0.009903649036490365,0.11381508815088152,0.0626219762197622,0.15445674456744568,0.03577285772857729,0.02858958589585896
622.53,104.12,565.1,584.88,332.65,574.3,6561.0,2783.58,0.4242615454961134,1.3570366219041667,0.09488340192043895,0.015869532083523853,0.0861301630848956,0.08914494741655235,0.05070111263526901,0.08753238835543362
781.27,786.72,132.53,557.25,486.25,619.96,8574.0,3363.98,0.39234662934452996,1.5487666395162873,0.0911208304175414,0.09175647305808257,0.01545719617448099,0.06499300209937019,0.056712153020760436,0.07230697457429439
44.77,462.32,137.03,466.47,897.51,546.68,6110.0,2554.78,0.41813093289689035,1.3915953624186816,0.00732733224222586,0.07566612111292963,0.022427168576104748,0.07634533551554828,0.14689198036006546,0.08947299509001636
777.1,202.09,699.92,244.74,471.08,920.77,8088.0,3315.7000000000003,0.40995301681503465,1.4393039177247637,0.09608061325420376,0.024986399604352127,0.08653808110781404,0.030259643916913947,0.05824431256181998,0.11384396636993076
945.34,825.89,772.2,677.43,401.26,837.18,11062.0,4459.3,0.4031187850298319,1.4806583993003386,0.08545832580003616,0.07466009763153136,0.06980654492858435,0.06123937805098535,0.03627372988609655,0.07568070873259808
993.92,283.52,528.13,578.7,529.23,80.86,6026.0,2994.3600000000006,0.49690673747095926,1.0124500728035368,0.1649385994025888,0.04704945237305011,0.08764188516428809,0.09603385330235646,0.08782442748091604,0.013418519747759709
867.03,842.62,524.35,861.16,57.55,833.93,10585.0,3986.64,0.37663108171941423,1.6551180944354145,0.08191119508738781,0.07960510155880964,0.04953708077468116,0.08135663675011809,0.005436939064714218,0.07878412848370335
808.06,485.57,974.78,811.9,103.54,436.0,8429.0,3619.85,0.42945189227666386,1.328549525532826,0.09586665084826194,0.05760707082690711,0.11564598410250326,0.09632222090402183,0.01228378218056709,0.05172618341440266
838.61,472.36,451.52,852.62,34.9,664.99,8609.0,3315.0,0.3850621442676269,1.5969834087481147,0.09741084911139505,0.0548681612266233,0.052447438726913695,0.09903821582065281,0.0040538970844465096,0.07724358229759554
993.84,276.72,405.45,334.76,95.3,398.06,5970.0,2504.13,0.4194522613065327,1.3840615303518586,0.16647236180904523,0.046351758793969855,0.0679145728643216,0.056073701842546064,0.01596314907872697,0.06667671691792294
178.84,213.36,752.21,42.51,156.04,419.79,4089.0,1762.75,0.4310956224015652,1.3196709686569281,0.04373685497676694,0.052179016874541455,0.18395940327708488,0.010396184886280264,0.03816091954022988,0.10266324284666178
380.57,108.41,592.38,723.51,524.08,177.85,5132.0,2506.8,0.4884645362431801,1.047231530237753,0.07415627435697583,0.02112431800467654,0.11542868277474669,0.1409801247077163,0.10212003117692908,0.03465510522213562
858.69,922.49,694.91,121.48,368.16,788.05,9431.0,3753.7799999999997,0.398025660057258,1.5124008332933738,0.09104972961509915,0.0978146538012936,0.07368359664934788,0.012880924610327643,0.039037217686353515,0.08355953769483618
696.38,590.16,651.28,202.29,51.87,956.28,8533.0,3148.26,0.368951130903551,1.710386054519004,0.08161021914918551,0.06916207664361888,0.07632485643970467,0.02370678542130552,0.006078753076292042,0.11206844017344428
408.35,581.63,205.67,712.51,102.98,534.6,6912.0,2545.7400000000002,0.3683072916666667,1.7151240896556599,0.059078414351851856,0.0841478587962963,0.02975549768518518,0.10308304398148148,0.014898726851851852,0.07734375
265.94,768.47,756.8,891.25,481.1,179.55,7495.0,3343.11,0.44604536357571717,1.241924435630296,0.03548232154769847,0.10253102068045364,0.10097398265510339,0.11891260840560373,0.06418945963975985,0.023955970647098066
480.67,135.75,82.66,217.72,217.9,15.41,2353.0,1150.1100000000001,0.4887845303867404,1.045891262574884,0.2042796430089248,0.057692307692307696,0.03512962175945601,0.09252868678283042,0.09260518487037825,0.006549086272843179
746.29,925.8,988.98,229.34,282.95,449.15,8488.0,3622.5099999999998,0.4267801602262017,1.3431267270483727,0.08792295004712535,0.10907163053722903,0.11651508011310086,0.02701932139491046,0.033335296889726675,0.05291588124410933
640.69,966.63,624.12,948.97,480.16,651.31,10655.0,4311.879999999999,0.4046813702487094,1.4710799001827515,0.06013045518535899,0.09072078836227124,0.05857531675269827,0.08906335053965275,0.04506428906616612,0.061127170342562175
990.33,642.99,823.74,986.35,422.92,14.64,8169.0,3880.9700000000003,0.47508507773289266,1.1048861495966213,0.12123026074182887,0.07871098053617334,0.10083731178846861,0.1207430530052638,0.051771330640225245,0.0017921410209327947
384.82,879.57,735.47,872.34,371.94,41.79,7308.0,3285.9300000000003,0.4496346469622332,1.2240279007769488,0.05265736179529283,0.12035714285714287,0.10063902572523263,0.11936781609195403,0.050894909688013135,0.005718390804597701
355.88,450.45,883.78,362.08,757.46,403.82,6828.0,3213.4700000000003,0.47063122437024024,1.1248058951849556,0.05212067955477446,0.06597100175746924,0.12943468072642061,0.053028705330990036,0.11093438781487991,0.05914176918570591
958.24,771.17,69.46,868.58,649.5,773.38,10387.0,4090.33,0.39379320304226434,1.5394039111758708,0.09225377876191393,0.07424376624626937,0.006687205160296524,0.08362183498604024,0.06253008568402811,0.07445653220371619
40.81,863.64,580.23,852.48,548.47,725.71,9244.0,3611.34,0.39066854175681526,1.5597146765466556,0.004414755517092168,0.09342708784076158,0.06276828212894851,0.09221981826049329,0.05933254002596279,0.0785060579835569
225.69,971.12,357.07,932.19,165.56,307.4,7656.0,2959.0299999999997,0.386498171368861,1.587334362950021,0.02947884012539185,0.1268443051201672,0.046639237199582025,0.12175940438871474,0.021624869383490074,0.040151515151515146
138.83,389.62,804.53,587.2,436.57,95.75,5029.0,2452.5,0.48767150526943726,1.0505606523955149,0.027605885862000402,0.07747464704712667,0.15997812686418772,0.11676277589978128,0.0868104991051899,0.019039570491151323
79.68,657.09,738.08,360.38,145.03,827.38,7617.0,2807.64,0.36860181173690426,1.7129546523058514,0.010460811343048446,0.08626624655376133,0.09689904161743469,0.047312590258632006,0.019040304581856373,0.10862281738217146
594.84,79.44,172.14,622.86,795.0,909.79,7850.0,3174.0699999999997,0.404340127388535,1.4731653681235766,0.07577579617834396,0.010119745222929936,0.021928662420382165,0.0793452229299363,0.10127388535031848,0.1158968152866242
947.72,653.82,879.45,979.08,304.11,92.45,8366.0,3856.6299999999997,0.46098852498207027,1.1692513930555954,0.11328233325364571,0.07815204398756874,0.10512192206550323,0.11703083911068611,0.036350705235476934,0.011050681329189576
708.03,846.72,425.3,555.71,208.48,144.39,6814.0,2888.63,0.42392574112122106,1.3589037017548111,0.10390813031992956,0.12426181391253302,0.06241561491047843,0.08155415321397125,0.03059583211036102,0.02119019665394775
770.05,501.36,694.6,172.26,572.26,410.56,6851.0,3121.0899999999997,0.4555670705006568,1.1950664671637155,0.11239964968617719,0.07318055758283462,0.10138665888191505,0.025143774631440664,0.08352941176470588,0.05992701795358342
512.38,250.83,373.78,366.95,987.14,509.03,6477.0,3000.1099999999997,0.46319438011425035,1.158920839569216,0.07910761154855643,0.038726262158406674,0.057708815809788476,0.05665431526941485,0.15240697853944726,0.0785903967886367
998.1,858.75,781.06,60.61,174.63,213.53,6949.0,3086.6800000000003,0.4441905310116564,1.2512861715500148,0.14363217729169664,0.12357893222046337,0.11239890631745574,0.008722118290401497,0.02513023456612462,0.030728162325514462
322.35,681.22,640.29,343.65,534.22,648.71,7737.0,3170.4400000000005,0.4097763991211064,1.4403552819167051,0.041663435440093065,0.08804704665891172,0.08275688251260178,0.044416440480806514,0.06904743440610056,0.08384515962259274
476.45,884.77,301.79,802.3,434.82,401.69,8187.0,3301.82,0.4033003542201051,1.4795415861555143,0.058195920361548796,0.10807011115182606,0.03686209844876023,0.09799682423354097,0.053111029681201904,0.04906437034322707
